timestamp_local,rain_mm_15min,cumulative_mm,river_stage_m,quality
2026-09-18T00:00,0.06,0.06,1.519,AUTO+QC
2026-09-18T00:15,0.36,0.42,1.519,AUTO
2026-09-18T00:30,0.00,0.42,1.518,AUTO
2026-09-18T00:45,0.00,0.42,1.517,AUTO
2026-09-18T01:00,0.16,0.58,1.516,AUTO+QC
2026-09-18T01:15,0.24,0.82,1.515,AUTO
2026-09-18T01:30,0.21,1.03,1.514,AUTO
2026-09-18T01:45,0.24,1.27,1.514,AUTO
2026-09-18T02:00,0.14,1.41,1.513,AUTO+QC
2026-09-18T02:15,0.06,1.47,1.512,AUTO
2026-09-18T02:30,0.04,1.51,1.511,AUTO
2026-09-18T02:45,0.14,1.65,1.510,AUTO
2026-09-18T03:00,0.12,1.77,1.509,AUTO+QC
2026-09-18T03:15,0.37,2.14,1.509,AUTO
2026-09-18T03:30,0.32,2.46,1.508,AUTO
2026-09-18T03:45,0.00,2.46,1.507,AUTO
2026-09-18T04:00,0.35,2.81,1.506,AUTO+QC
2026-09-18T04:15,0.22,3.03,1.506,AUTO
2026-09-18T04:30,0.44,3.47,1.505,AUTO
2026-09-18T04:45,0.51,3.98,1.505,AUTO
2026-09-18T05:00,0.35,4.33,1.504,AUTO+QC
2026-09-18T05:15,0.00,4.33,1.503,AUTO
2026-09-18T05:30,0.38,4.71,1.503,AUTO
2026-09-18T05:45,0.00,4.71,1.502,AUTO
2026-09-18T06:00,0.55,5.26,1.501,AUTO+QC
2026-09-18T06:15,0.15,5.41,1.500,AUTO
2026-09-18T06:30,0.24,5.65,1.500,AUTO
2026-09-18T06:45,0.61,6.26,1.500,AUTO
2026-09-18T07:00,0.00,6.26,1.499,AUTO+QC
2026-09-18T07:15,0.29,6.55,1.498,AUTO
2026-09-18T07:30,0.09,6.64,1.497,AUTO
2026-09-18T07:45,0.20,6.84,1.496,AUTO
2026-09-18T08:00,0.15,6.99,1.495,AUTO+QC
2026-09-18T08:15,0.42,7.41,1.495,AUTO
2026-09-18T08:30,0.24,7.65,1.494,AUTO
2026-09-18T08:45,0.36,8.01,1.494,AUTO
2026-09-18T09:00,0.42,8.43,1.493,AUTO+QC
2026-09-18T09:15,0.00,8.43,1.492,AUTO
2026-09-18T09:30,0.55,8.98,1.492,AUTO
2026-09-18T09:45,0.25,9.23,1.491,AUTO
2026-09-18T10:00,0.00,9.23,1.490,AUTO+QC
2026-09-18T10:15,0.18,9.41,1.489,AUTO
2026-09-18T10:30,0.46,9.87,1.489,AUTO
2026-09-18T10:45,0.48,10.35,1.488,AUTO
2026-09-18T11:00,0.17,10.52,1.488,AUTO+QC
2026-09-18T11:15,0.31,10.83,1.487,AUTO
2026-09-18T11:30,0.33,11.16,1.486,AUTO
2026-09-18T11:45,0.47,11.63,1.486,AUTO
2026-09-18T12:00,0.26,11.89,1.485,AUTO+QC
2026-09-18T12:15,0.46,12.35,1.485,AUTO
2026-09-18T12:30,0.11,12.46,1.484,AUTO
2026-09-18T12:45,0.14,12.60,1.483,AUTO
2026-09-18T13:00,0.39,12.99,1.483,AUTO+QC
2026-09-18T13:15,0.39,13.38,1.482,AUTO
2026-09-18T13:30,0.25,13.63,1.481,AUTO
2026-09-18T13:45,0.36,13.99,1.481,AUTO
2026-09-18T14:00,0.28,14.27,1.480,AUTO+QC
2026-09-18T14:15,0.38,14.65,1.480,AUTO
2026-09-18T14:30,0.45,15.10,1.479,AUTO
2026-09-18T14:45,0.32,15.42,1.479,AUTO
2026-09-18T15:00,0.37,15.79,1.478,AUTO+QC
2026-09-18T15:15,0.14,15.93,1.477,AUTO
2026-09-18T15:30,0.10,16.03,1.476,AUTO
2026-09-18T15:45,0.00,16.03,1.475,AUTO
2026-09-18T16:00,0.27,16.30,1.475,AUTO+QC
2026-09-18T16:15,0.19,16.49,1.474,AUTO
2026-09-18T16:30,0.27,16.76,1.473,AUTO
2026-09-18T16:45,0.00,16.76,1.472,AUTO
2026-09-18T17:00,0.07,16.83,1.471,AUTO+QC
2026-09-18T17:15,0.05,16.88,1.470,AUTO
2026-09-18T17:30,0.00,16.88,1.469,AUTO
2026-09-18T17:45,0.30,17.18,1.469,AUTO
2026-09-18T18:00,0.35,17.53,1.468,AUTO+QC
2026-09-18T18:15,0.00,17.53,1.467,AUTO
2026-09-18T18:30,0.19,17.72,1.466,AUTO
2026-09-18T18:45,0.42,18.14,1.466,AUTO
2026-09-18T19:00,0.00,18.14,1.465,AUTO+QC
2026-09-18T19:15,0.27,18.41,1.464,AUTO
2026-09-18T19:30,0.37,18.78,1.464,AUTO
2026-09-18T19:45,0.41,19.19,1.463,AUTO
2026-09-18T20:00,0.00,19.19,1.462,AUTO+QC
2026-09-18T20:15,0.00,19.19,1.461,AUTO
2026-09-18T20:30,0.09,19.28,1.460,AUTO
2026-09-18T20:45,0.26,19.54,1.459,AUTO
2026-09-18T21:00,0.00,19.54,1.458,AUTO+QC
2026-09-18T21:15,0.00,19.54,1.457,AUTO
2026-09-18T21:30,0.00,19.54,1.456,AUTO
2026-09-18T21:45,0.21,19.75,1.456,AUTO
2026-09-18T22:00,0.00,19.75,1.455,AUTO+QC
2026-09-18T22:15,0.10,19.85,1.454,AUTO
2026-09-18T22:30,0.11,19.96,1.453,AUTO
2026-09-18T22:45,0.19,20.15,1.452,AUTO
2026-09-18T23:00,0.05,20.20,1.451,AUTO+QC
2026-09-18T23:15,0.03,20.23,1.450,AUTO
2026-09-18T23:30,0.17,20.40,1.449,AUTO
2026-09-18T23:45,0.04,20.44,1.449,AUTO
2026-09-19T00:00,0.00,20.44,1.448,AUTO+QC
2026-09-19T00:15,0.00,20.44,1.447,AUTO
2026-09-19T00:30,0.11,20.55,1.446,AUTO
2026-09-19T00:45,0.00,20.55,1.445,AUTO
2026-09-19T01:00,0.00,20.55,1.444,AUTO+QC
2026-09-19T01:15,0.00,20.55,1.443,AUTO
2026-09-19T01:30,0.53,21.08,1.442,AUTO
2026-09-19T01:45,0.00,21.08,1.441,AUTO
2026-09-19T02:00,0.00,21.08,1.440,AUTO+QC
2026-09-19T02:15,0.00,21.08,1.439,AUTO
2026-09-19T02:30,0.00,21.08,1.438,AUTO
2026-09-19T02:45,0.13,21.21,1.437,AUTO
2026-09-19T03:00,0.06,21.27,1.437,AUTO+QC
2026-09-19T03:15,0.00,21.27,1.436,AUTO
2026-09-19T03:30,0.00,21.27,1.435,AUTO
2026-09-19T03:45,0.13,21.40,1.434,AUTO
2026-09-19T04:00,0.04,21.44,1.433,AUTO+QC
2026-09-19T04:15,0.00,21.44,1.432,AUTO
2026-09-19T04:30,0.00,21.44,1.431,AUTO
2026-09-19T04:45,0.00,21.44,1.430,AUTO
2026-09-19T05:00,0.00,21.44,1.429,AUTO+QC
2026-09-19T05:15,0.00,21.44,1.428,AUTO
2026-09-19T05:30,0.00,21.44,1.427,AUTO
2026-09-19T05:45,0.00,21.44,1.426,AUTO
2026-09-19T06:00,0.10,21.54,1.425,AUTO+QC
2026-09-19T06:15,0.00,21.54,1.424,AUTO
2026-09-19T06:30,0.14,21.68,1.423,AUTO
2026-09-19T06:45,0.00,21.68,1.422,AUTO
2026-09-19T07:00,0.00,21.68,1.421,AUTO+QC
2026-09-19T07:15,0.18,21.86,1.420,AUTO
2026-09-19T07:30,0.00,21.86,1.419,AUTO
2026-09-19T07:45,0.00,21.86,1.418,AUTO
2026-09-19T08:00,0.00,21.86,1.417,AUTO+QC
2026-09-19T08:15,0.00,21.86,1.416,AUTO
2026-09-19T08:30,0.00,21.86,1.415,AUTO
2026-09-19T08:45,0.08,21.94,1.414,AUTO
2026-09-19T09:00,0.00,21.94,1.413,AUTO+QC
2026-09-19T09:15,0.11,22.05,1.412,AUTO
2026-09-19T09:30,0.13,22.18,1.412,AUTO
2026-09-19T09:45,0.00,22.18,1.411,AUTO
2026-09-19T10:00,0.22,22.40,1.410,AUTO+QC
2026-09-19T10:15,0.13,22.53,1.409,AUTO
2026-09-19T10:30,0.00,22.53,1.408,AUTO
2026-09-19T10:45,0.00,22.53,1.407,AUTO
2026-09-19T11:00,0.01,22.54,1.406,AUTO+QC
2026-09-19T11:15,0.00,22.54,1.405,AUTO
2026-09-19T11:30,0.00,22.54,1.404,AUTO
2026-09-19T11:45,0.04,22.58,1.403,AUTO
2026-09-19T12:00,0.00,22.58,1.402,AUTO+QC
2026-09-19T12:15,0.16,22.74,1.401,AUTO
2026-09-19T12:30,0.00,22.74,1.400,AUTO
2026-09-19T12:45,0.09,22.83,1.399,AUTO
2026-09-19T13:00,0.11,22.94,1.399,AUTO+QC
2026-09-19T13:15,0.00,22.94,1.398,AUTO
2026-09-19T13:30,0.13,23.07,1.397,AUTO
2026-09-19T13:45,0.00,23.07,1.396,AUTO
2026-09-19T14:00,0.03,23.10,1.395,AUTO+QC
2026-09-19T14:15,0.27,23.37,1.394,AUTO
2026-09-19T14:30,0.20,23.57,1.393,AUTO
2026-09-19T14:45,0.13,23.70,1.392,AUTO
2026-09-19T15:00,0.00,23.70,1.391,AUTO+QC
2026-09-19T15:15,0.28,23.98,1.391,AUTO
2026-09-19T15:30,0.53,24.51,1.390,AUTO
2026-09-19T15:45,0.00,24.51,1.389,AUTO
2026-09-19T16:00,0.37,24.88,1.389,AUTO+QC
2026-09-19T16:15,0.22,25.10,1.388,AUTO
2026-09-19T16:30,0.39,25.49,1.388,AUTO
2026-09-19T16:45,0.41,25.90,1.387,AUTO
2026-09-19T17:00,0.02,25.92,1.386,AUTO+QC
2026-09-19T17:15,0.53,26.45,1.386,AUTO
2026-09-19T17:30,0.11,26.56,1.385,AUTO
2026-09-19T17:45,0.18,26.74,1.384,AUTO
2026-09-19T18:00,0.35,27.09,1.384,AUTO+QC
2026-09-19T18:15,0.22,27.31,1.383,AUTO
2026-09-19T18:30,0.29,27.60,1.382,AUTO
2026-09-19T18:45,0.15,27.75,1.381,AUTO
2026-09-19T19:00,0.06,27.81,1.380,AUTO+QC
2026-09-19T19:15,0.26,28.07,1.380,AUTO
2026-09-19T19:30,0.06,28.13,1.379,AUTO
2026-09-19T19:45,0.52,28.65,1.378,AUTO
2026-09-19T20:00,0.32,28.97,1.378,AUTO+QC
2026-09-19T20:15,0.54,29.51,1.377,AUTO
2026-09-19T20:30,0.05,29.56,1.376,AUTO
2026-09-19T20:45,0.00,29.56,1.375,AUTO
2026-09-19T21:00,0.00,29.56,1.374,AUTO+QC
2026-09-19T21:15,0.22,29.78,1.374,AUTO
2026-09-19T21:30,0.05,29.83,1.373,AUTO
2026-09-19T21:45,0.36,30.19,1.372,AUTO
2026-09-19T22:00,0.03,30.22,1.371,AUTO+QC
2026-09-19T22:15,0.04,30.26,1.370,AUTO
2026-09-19T22:30,0.35,30.61,1.370,AUTO
2026-09-19T22:45,0.23,30.84,1.369,AUTO
2026-09-19T23:00,0.42,31.26,1.369,AUTO+QC
2026-09-19T23:15,0.45,31.71,1.368,AUTO
2026-09-19T23:30,0.36,32.07,1.367,AUTO
2026-09-19T23:45,0.07,32.14,1.367,AUTO
2026-09-20T00:00,0.14,32.28,1.366,AUTO+QC
2026-09-20T00:15,0.71,32.99,1.366,AUTO
2026-09-20T00:30,0.25,33.24,1.365,AUTO
2026-09-20T00:45,0.35,33.59,1.364,AUTO
2026-09-20T01:00,0.31,33.90,1.364,AUTO+QC
2026-09-20T01:15,0.28,34.18,1.363,AUTO
2026-09-20T01:30,0.25,34.43,1.362,AUTO
2026-09-20T01:45,0.18,34.61,1.362,AUTO
2026-09-20T02:00,0.18,34.79,1.361,AUTO+QC
2026-09-20T02:15,1.18,35.97,1.361,AUTO
2026-09-20T02:30,0.25,36.22,1.360,AUTO
2026-09-20T02:45,0.84,37.06,1.360,AUTO
2026-09-20T03:00,0.09,37.15,1.360,AUTO+QC
2026-09-20T03:15,1.17,38.32,1.360,AUTO
2026-09-20T03:30,1.40,39.72,1.361,AUTO
2026-09-20T03:45,1.16,40.88,1.361,AUTO
2026-09-20T04:00,1.84,42.72,1.362,AUTO+QC
2026-09-20T04:15,2.09,44.81,1.364,AUTO
2026-09-20T04:30,1.59,46.40,1.365,AUTO
2026-09-20T04:45,2.37,48.77,1.367,AUTO
2026-09-20T05:00,2.44,51.21,1.368,AUTO+QC
2026-09-20T05:15,2.07,53.28,1.370,AUTO
2026-09-20T05:30,1.02,54.30,1.370,AUTO
2026-09-20T05:45,0.24,54.54,1.369,AUTO
2026-09-20T06:00,0.52,55.06,1.369,AUTO+QC
2026-09-20T06:15,0.13,55.19,1.368,AUTO
2026-09-20T06:30,0.66,55.85,1.368,AUTO
2026-09-20T06:45,1.25,57.10,1.369,AUTO
2026-09-20T07:00,0.73,57.83,1.368,AUTO+QC
2026-09-20T07:15,0.69,58.52,1.368,AUTO
2026-09-20T07:30,1.42,59.94,1.369,AUTO
2026-09-20T07:45,0.74,60.68,1.369,AUTO
2026-09-20T08:00,1.83,62.51,1.370,AUTO+QC
2026-09-20T08:15,1.95,64.46,1.371,AUTO
2026-09-20T08:30,1.85,66.31,1.373,AUTO
2026-09-20T08:45,1.82,68.13,1.374,AUTO
2026-09-20T09:00,1.48,69.61,1.375,AUTO+QC
2026-09-20T09:15,1.44,71.05,1.375,AUTO
2026-09-20T09:30,1.08,72.13,1.376,AUTO
2026-09-20T09:45,0.00,72.13,1.375,AUTO
2026-09-20T10:00,0.32,72.45,1.374,AUTO+QC
2026-09-20T10:15,0.83,73.28,1.374,AUTO
2026-09-20T10:30,0.34,73.62,1.373,AUTO
2026-09-20T10:45,0.53,74.15,1.373,AUTO
2026-09-20T11:00,0.76,74.91,1.373,AUTO+QC
2026-09-20T11:15,1.65,76.56,1.374,AUTO
2026-09-20T11:30,2.09,78.65,1.375,AUTO
2026-09-20T11:45,2.49,81.14,1.377,AUTO
2026-09-20T12:00,2.05,83.19,1.379,AUTO+QC
2026-09-20T12:15,1.66,84.85,1.380,AUTO
2026-09-20T12:30,1.36,86.21,1.380,AUTO
2026-09-20T12:45,1.69,87.90,1.381,AUTO
2026-09-20T13:00,1.04,88.94,1.382,AUTO+QC
2026-09-20T13:15,0.35,89.29,1.381,AUTO
2026-09-20T13:30,0.00,89.29,1.380,AUTO
2026-09-20T13:45,0.47,89.76,1.380,AUTO
2026-09-20T14:00,0.37,90.13,1.379,AUTO+QC
2026-09-20T14:15,0.01,90.14,1.378,AUTO
2026-09-20T14:30,0.92,91.06,1.378,AUTO
2026-09-20T14:45,1.19,92.25,1.379,AUTO
2026-09-20T15:00,0.86,93.11,1.379,AUTO+QC
2026-09-20T15:15,1.38,94.49,1.379,AUTO
2026-09-20T15:30,2.08,96.57,1.381,AUTO
2026-09-20T15:45,1.25,97.82,1.381,AUTO
2026-09-20T16:00,2.01,99.83,1.383,AUTO+QC
2026-09-20T16:15,1.19,101.02,1.383,AUTO
2026-09-20T16:30,0.70,101.72,1.383,AUTO
2026-09-20T16:45,1.12,102.84,1.383,AUTO
2026-09-20T17:00,0.77,103.61,1.383,AUTO+QC
2026-09-20T17:15,0.06,103.67,1.382,AUTO
2026-09-20T17:30,0.76,104.43,1.382,AUTO
2026-09-20T17:45,0.44,104.87,1.382,AUTO
2026-09-20T18:00,0.52,105.39,1.381,AUTO+QC
2026-09-20T18:15,0.78,106.17,1.381,AUTO
2026-09-20T18:30,1.28,107.45,1.382,AUTO
2026-09-20T18:45,1.34,108.79,1.383,AUTO
2026-09-20T19:00,2.11,110.90,1.384,AUTO+QC
2026-09-20T19:15,2.00,112.90,1.385,AUTO
2026-09-20T19:30,1.13,114.03,1.386,AUTO
2026-09-20T19:45,1.40,115.43,1.387,AUTO
2026-09-20T20:00,1.29,116.72,1.387,AUTO+QC
2026-09-20T20:15,1.29,118.01,1.388,AUTO
2026-09-20T20:30,1.29,119.30,1.388,AUTO
2026-09-20T20:45,0.10,119.40,1.387,AUTO
2026-09-20T21:00,0.34,119.74,1.387,AUTO+QC
2026-09-20T21:15,0.10,119.84,1.386,AUTO
2026-09-20T21:30,0.01,119.85,1.385,AUTO
2026-09-20T21:45,0.33,120.18,1.384,AUTO
2026-09-20T22:00,0.16,120.34,1.383,AUTO+QC
2026-09-20T22:15,0.93,121.27,1.384,AUTO
2026-09-20T22:30,1.99,123.26,1.385,AUTO
2026-09-20T22:45,2.08,125.34,1.386,AUTO
2026-09-20T23:00,2.28,127.62,1.388,AUTO+QC
2026-09-20T23:15,1.88,129.50,1.389,AUTO
2026-09-20T23:30,1.61,131.11,1.390,AUTO
2026-09-20T23:45,1.31,132.42,1.391,AUTO
2026-09-21T00:00,0.00,132.42,1.390,AUTO+QC
2026-09-21T00:15,0.00,132.42,1.389,AUTO
2026-09-21T00:30,0.00,132.42,1.388,AUTO
2026-09-21T00:45,0.00,132.42,1.387,AUTO
2026-09-21T01:00,0.14,132.56,1.386,AUTO+QC
2026-09-21T01:15,0.03,132.59,1.385,AUTO
2026-09-21T01:30,0.18,132.77,1.384,AUTO
2026-09-21T01:45,0.02,132.79,1.383,AUTO
2026-09-21T02:00,0.04,132.83,1.382,AUTO+QC
2026-09-21T02:15,0.10,132.93,1.382,AUTO
2026-09-21T02:30,0.00,132.93,1.381,AUTO
2026-09-21T02:45,0.32,133.25,1.380,AUTO
2026-09-21T03:00,0.26,133.51,1.379,AUTO+QC
2026-09-21T03:15,0.16,133.67,1.378,AUTO
2026-09-21T03:30,0.00,133.67,1.377,AUTO
2026-09-21T03:45,0.00,133.67,1.376,AUTO
2026-09-21T04:00,0.15,133.82,1.376,AUTO+QC
2026-09-21T04:15,0.33,134.15,1.375,AUTO
2026-09-21T04:30,0.12,134.27,1.374,AUTO
2026-09-21T04:45,0.13,134.40,1.373,AUTO
2026-09-21T05:00,0.24,134.64,1.373,AUTO+QC
2026-09-21T05:15,0.17,134.81,1.372,AUTO
2026-09-21T05:30,0.13,134.94,1.371,AUTO
2026-09-21T05:45,0.00,134.94,1.370,AUTO
2026-09-21T06:00,0.39,135.33,1.369,AUTO+QC
2026-09-21T06:15,0.52,135.85,1.369,AUTO
2026-09-21T06:30,0.43,136.28,1.369,AUTO
2026-09-21T06:45,0.29,136.57,1.368,AUTO
2026-09-21T07:00,0.82,137.39,1.368,AUTO+QC
2026-09-21T07:15,0.93,138.32,1.368,AUTO
2026-09-21T07:30,0.94,139.26,1.368,AUTO
2026-09-21T07:45,1.05,140.31,1.368,AUTO
2026-09-21T08:00,1.74,142.05,1.369,AUTO+QC
2026-09-21T08:15,1.47,143.52,1.370,AUTO
2026-09-21T08:30,1.53,145.05,1.371,AUTO
2026-09-21T08:45,1.19,146.24,1.371,AUTO
2026-09-21T09:00,0.59,146.83,1.371,AUTO+QC
2026-09-21T09:15,0.59,147.42,1.371,AUTO
2026-09-21T09:30,0.34,147.76,1.370,AUTO
2026-09-21T09:45,0.20,147.96,1.370,AUTO
2026-09-21T10:00,0.44,148.40,1.369,AUTO+QC
2026-09-21T10:15,0.26,148.66,1.368,AUTO
2026-09-21T10:30,0.72,149.38,1.368,AUTO
2026-09-21T10:45,0.18,149.56,1.367,AUTO
2026-09-21T11:00,0.75,150.31,1.367,AUTO+QC
2026-09-21T11:15,0.31,150.62,1.367,AUTO
2026-09-21T11:30,0.69,151.31,1.367,AUTO
2026-09-21T11:45,0.64,151.95,1.366,AUTO
2026-09-21T12:00,0.97,152.92,1.367,AUTO+QC
2026-09-21T12:15,1.22,154.14,1.367,AUTO
2026-09-21T12:30,0.93,155.07,1.367,AUTO
2026-09-21T12:45,1.38,156.45,1.368,AUTO
2026-09-21T13:00,1.08,157.53,1.368,AUTO+QC
2026-09-21T13:15,1.00,158.53,1.368,AUTO
2026-09-21T13:30,1.42,159.95,1.369,AUTO
2026-09-21T13:45,2.11,162.06,1.370,AUTO
2026-09-21T14:00,1.94,164.00,1.372,AUTO+QC
2026-09-21T14:15,0.68,164.68,1.372,AUTO
2026-09-21T14:30,0.93,165.61,1.372,AUTO
2026-09-21T14:45,0.64,166.25,1.372,AUTO
2026-09-21T15:00,0.34,166.59,1.371,AUTO+QC
2026-09-21T15:15,0.63,167.22,1.371,AUTO
2026-09-21T15:30,0.48,167.70,1.370,AUTO
2026-09-21T15:45,0.40,168.10,1.370,AUTO
2026-09-21T16:00,0.88,168.98,1.370,AUTO+QC
2026-09-21T16:15,1.02,170.00,1.370,AUTO
2026-09-21T16:30,0.36,170.36,1.369,AUTO
2026-09-21T16:45,1.32,171.68,1.370,AUTO
2026-09-21T17:00,0.82,172.50,1.370,AUTO+QC
2026-09-21T17:15,0.79,173.29,1.370,AUTO
2026-09-21T17:30,0.32,173.61,1.369,AUTO
2026-09-21T17:45,0.87,174.48,1.369,AUTO
2026-09-21T18:00,1.09,175.57,1.370,AUTO+QC
2026-09-21T18:15,1.29,176.86,1.370,AUTO
2026-09-21T18:30,1.22,178.08,1.371,AUTO
2026-09-21T18:45,1.13,179.21,1.371,AUTO
2026-09-21T19:00,1.08,180.29,1.371,AUTO+QC
2026-09-21T19:15,1.36,181.65,1.372,AUTO
2026-09-21T19:30,0.25,181.90,1.371,AUTO
2026-09-21T19:45,0.00,181.90,1.370,AUTO
2026-09-21T20:00,1.05,182.95,1.371,AUTO+QC
2026-09-21T20:15,0.25,183.20,1.370,AUTO
2026-09-21T20:30,0.60,183.80,1.370,AUTO
2026-09-21T20:45,0.09,183.89,1.369,AUTO
2026-09-21T21:00,0.06,183.95,1.368,AUTO+QC
2026-09-21T21:15,0.76,184.71,1.368,AUTO
2026-09-21T21:30,0.25,184.96,1.367,AUTO
2026-09-21T21:45,0.23,185.19,1.366,AUTO
2026-09-21T22:00,0.81,186.00,1.366,AUTO+QC
2026-09-21T22:15,0.60,186.60,1.366,AUTO
2026-09-21T22:30,0.87,187.47,1.366,AUTO
2026-09-21T22:45,0.48,187.95,1.366,AUTO
2026-09-21T23:00,1.52,189.47,1.366,AUTO+QC
2026-09-21T23:15,1.16,190.63,1.367,AUTO
2026-09-21T23:30,1.49,192.12,1.368,AUTO
2026-09-21T23:45,0.90,193.02,1.368,AUTO
2026-09-22T00:00,0.34,193.36,1.367,AUTO+QC
2026-09-22T00:15,0.02,193.38,1.366,AUTO
2026-09-22T00:30,0.00,193.38,1.365,AUTO
2026-09-22T00:45,0.00,193.38,1.364,AUTO
2026-09-22T01:00,0.00,193.38,1.363,AUTO+QC
2026-09-22T01:15,0.18,193.56,1.362,AUTO
2026-09-22T01:30,0.00,193.56,1.361,AUTO
2026-09-22T01:45,0.00,193.56,1.360,AUTO
2026-09-22T02:00,0.20,193.76,1.360,AUTO+QC
2026-09-22T02:15,0.24,194.00,1.359,AUTO
2026-09-22T02:30,0.00,194.00,1.358,AUTO
2026-09-22T02:45,0.00,194.00,1.357,AUTO
2026-09-22T03:00,0.00,194.00,1.356,AUTO+QC
2026-09-22T03:15,0.00,194.00,1.355,AUTO
2026-09-22T03:30,0.00,194.00,1.354,AUTO
2026-09-22T03:45,0.11,194.11,1.353,AUTO
2026-09-22T04:00,0.00,194.11,1.352,AUTO+QC
2026-09-22T04:15,0.00,194.11,1.351,AUTO
2026-09-22T04:30,0.01,194.12,1.350,AUTO
2026-09-22T04:45,0.11,194.23,1.349,AUTO
2026-09-22T05:00,0.05,194.28,1.348,AUTO+QC
2026-09-22T05:15,0.00,194.28,1.347,AUTO
2026-09-22T05:30,0.00,194.28,1.346,AUTO
2026-09-22T05:45,0.00,194.28,1.345,AUTO
2026-09-22T06:00,0.00,194.28,1.344,AUTO+QC
2026-09-22T06:15,0.00,194.28,1.343,AUTO
2026-09-22T06:30,0.00,194.28,1.342,AUTO
2026-09-22T06:45,0.13,194.41,1.341,AUTO
2026-09-22T07:00,0.00,194.41,1.340,AUTO+QC
2026-09-22T07:15,0.19,194.60,1.340,AUTO
2026-09-22T07:30,0.00,194.60,1.339,AUTO
2026-09-22T07:45,0.00,194.60,1.338,AUTO
2026-09-22T08:00,0.05,194.65,1.337,AUTO+QC
2026-09-22T08:15,0.00,194.65,1.336,AUTO
2026-09-22T08:30,0.00,194.65,1.335,AUTO
2026-09-22T08:45,0.00,194.65,1.334,AUTO
2026-09-22T09:00,0.00,194.65,1.333,AUTO+QC
2026-09-22T09:15,0.00,194.65,1.332,AUTO
2026-09-22T09:30,0.00,194.65,1.331,AUTO
2026-09-22T09:45,0.00,194.65,1.330,AUTO
2026-09-22T10:00,0.00,194.65,1.329,AUTO+QC
2026-09-22T10:15,0.22,194.87,1.328,AUTO
2026-09-22T10:30,0.00,194.87,1.327,AUTO
2026-09-22T10:45,0.00,194.87,1.326,AUTO
2026-09-22T11:00,0.00,194.87,1.325,AUTO+QC
2026-09-22T11:15,0.14,195.01,1.324,AUTO
2026-09-22T11:30,0.00,195.01,1.323,AUTO
2026-09-22T11:45,0.00,195.01,1.322,AUTO
2026-09-22T12:00,0.00,195.01,1.321,AUTO+QC
2026-09-22T12:15,0.39,195.40,1.320,AUTO
2026-09-22T12:30,0.00,195.40,1.319,AUTO
2026-09-22T12:45,0.00,195.40,1.318,AUTO
2026-09-22T13:00,0.00,195.40,1.317,AUTO+QC
2026-09-22T13:15,0.00,195.40,1.316,AUTO
2026-09-22T13:30,0.00,195.40,1.315,AUTO
2026-09-22T13:45,0.00,195.40,1.314,AUTO
2026-09-22T14:00,0.16,195.56,1.314,AUTO+QC
2026-09-22T14:15,0.16,195.72,1.313,AUTO
2026-09-22T14:30,0.00,195.72,1.312,AUTO
2026-09-22T14:45,0.00,195.72,1.311,AUTO
2026-09-22T15:00,0.05,195.77,1.310,AUTO+QC
2026-09-22T15:15,0.01,195.78,1.309,AUTO
2026-09-22T15:30,0.11,195.89,1.308,AUTO
2026-09-22T15:45,0.17,196.06,1.307,AUTO
2026-09-22T16:00,0.13,196.19,1.306,AUTO+QC
2026-09-22T16:15,0.00,196.19,1.305,AUTO
2026-09-22T16:30,0.05,196.24,1.304,AUTO
2026-09-22T16:45,0.00,196.24,1.303,AUTO
2026-09-22T17:00,0.16,196.40,1.303,AUTO+QC
2026-09-22T17:15,0.03,196.43,1.302,AUTO
2026-09-22T17:30,0.15,196.58,1.301,AUTO
2026-09-22T17:45,0.09,196.67,1.300,AUTO
2026-09-22T18:00,0.28,196.95,1.299,AUTO+QC
