file_id,recorder,start_local,duration_s,sample_rate_hz,channel,lat,lon,public_note
UL09_AUD_0001.WAV,SM4-01,2026-09-18T18:30,39600,48000,mono,2.43282,114.20510,restricted audio; metadata public
UL09_AUD_0002.WAV,SM4-02,2026-09-18T18:30,39600,48000,mono,2.43176,114.20718,restricted audio; metadata public
UL09_AUD_0003.WAV,SM4-03,2026-09-18T18:30,39600,48000,mono,2.43064,114.20942,restricted audio; metadata public
UL09_AUD_0004.WAV,SM4-04,2026-09-18T18:30,39600,48000,mono,2.42933,114.21161,restricted audio; metadata public
UL09_AUD_0005.WAV,SM4-05,2026-09-18T18:30,39600,48000,mono,2.42785,114.21418,restricted audio; metadata public
UL09_AUD_0006.WAV,SM4-06,2026-09-18T18:30,39600,48000,mono,2.42591,114.21675,restricted audio; metadata public
UL09_AUD_0007.WAV,SM4-07,2026-09-18T18:30,39600,48000,mono,2.42384,114.21932,restricted audio; metadata public
UL09_AUD_0008.WAV,SM4-08,2026-09-18T18:30,39600,48000,mono,2.42177,114.22186,restricted audio; metadata public
UL09_AUD_0009.WAV,SM4-09,2026-09-18T18:30,39600,48000,mono,2.41962,114.22428,restricted audio; metadata public
UL09_AUD_0010.WAV,SM4-10,2026-09-18T18:30,39600,48000,mono,2.41765,114.22650,restricted audio; metadata public
UL09_AUD_0011.WAV,SM4-11,2026-09-18T18:30,39600,48000,mono,2.41592,114.22810,restricted audio; metadata public
UL09_AUD_0012.WAV,SM4-12,2026-09-18T18:30,39600,48000,mono,2.41422,114.22920,restricted audio; metadata public
UL09_AUD_0013.WAV,SM4-01,2026-09-19T18:30,39600,48000,mono,2.43282,114.20510,restricted audio; metadata public
UL09_AUD_0014.WAV,SM4-02,2026-09-19T18:30,39600,48000,mono,2.43176,114.20718,restricted audio; metadata public
UL09_AUD_0015.WAV,SM4-03,2026-09-19T18:30,39600,48000,mono,2.43064,114.20942,restricted audio; metadata public
UL09_AUD_0016.WAV,SM4-04,2026-09-19T18:30,39600,48000,mono,2.42933,114.21161,restricted audio; metadata public
UL09_AUD_0017.WAV,SM4-05,2026-09-19T18:30,39600,48000,mono,2.42785,114.21418,restricted audio; metadata public
UL09_AUD_0018.WAV,SM4-06,2026-09-19T18:30,39600,48000,mono,2.42591,114.21675,restricted audio; metadata public
UL09_AUD_0019.WAV,SM4-07,2026-09-19T18:30,39600,48000,mono,2.42384,114.21932,restricted audio; metadata public
UL09_AUD_0020.WAV,SM4-08,2026-09-19T18:30,39600,48000,mono,2.42177,114.22186,restricted audio; metadata public
UL09_AUD_0021.WAV,SM4-09,2026-09-19T18:30,39600,48000,mono,2.41962,114.22428,restricted audio; metadata public
UL09_AUD_0022.WAV,SM4-10,2026-09-19T18:30,39600,48000,mono,2.41765,114.22650,restricted audio; metadata public
UL09_AUD_0023.WAV,SM4-11,2026-09-19T18:30,39600,48000,mono,2.41592,114.22810,restricted audio; metadata public
UL09_AUD_0024.WAV,SM4-12,2026-09-19T18:30,39600,48000,mono,2.41422,114.22920,restricted audio; metadata public
UL09_AUD_0025.WAV,SM4-01,2026-09-20T18:30,39600,48000,mono,2.43282,114.20510,restricted audio; metadata public
UL09_AUD_0026.WAV,SM4-02,2026-09-20T18:30,39600,48000,mono,2.43176,114.20718,restricted audio; metadata public
UL09_AUD_0027.WAV,SM4-03,2026-09-20T18:30,39600,48000,mono,2.43064,114.20942,restricted audio; metadata public
UL09_AUD_0028.WAV,SM4-04,2026-09-20T18:30,39600,48000,mono,2.42933,114.21161,restricted audio; metadata public
UL09_AUD_0029.WAV,SM4-05,2026-09-20T18:30,39600,48000,mono,2.42785,114.21418,restricted audio; metadata public
UL09_AUD_0030.WAV,SM4-06,2026-09-20T18:30,39600,48000,mono,2.42591,114.21675,restricted audio; metadata public
UL09_AUD_0031.WAV,SM4-07,2026-09-20T18:30,18300,48000,mono,2.42384,114.21932,partial night; battery swap at 23:35
UL09_AUD_0032.WAV,SM4-08,2026-09-20T18:30,39600,48000,mono,2.42177,114.22186,restricted audio; metadata public
UL09_AUD_0033.WAV,SM4-09,2026-09-20T18:30,39600,48000,mono,2.41962,114.22428,restricted audio; metadata public
UL09_AUD_0034.WAV,SM4-10,2026-09-20T18:30,39600,48000,mono,2.41765,114.22650,restricted audio; metadata public
UL09_AUD_0035.WAV,SM4-11,2026-09-20T18:30,39600,48000,mono,2.41592,114.22810,restricted audio; metadata public
UL09_AUD_0036.WAV,SM4-12,2026-09-20T18:30,39600,48000,mono,2.41422,114.22920,restricted audio; metadata public
UL09_AUD_0037.WAV,SM4-01,2026-09-21T18:30,39600,48000,mono,2.43282,114.20510,restricted audio; metadata public
UL09_AUD_0038.WAV,SM4-02,2026-09-21T18:30,39600,48000,mono,2.43176,114.20718,restricted audio; metadata public
UL09_AUD_0039.WAV,SM4-03,2026-09-21T18:30,39600,48000,mono,2.43064,114.20942,restricted audio; metadata public
UL09_AUD_0040.WAV,SM4-04,2026-09-21T18:30,39600,48000,mono,2.42933,114.21161,restricted audio; metadata public
UL09_AUD_0041.WAV,SM4-05,2026-09-21T18:30,39600,48000,mono,2.42785,114.21418,restricted audio; metadata public
UL09_AUD_0042.WAV,SM4-06,2026-09-21T18:30,39600,48000,mono,2.42591,114.21675,restricted audio; metadata public
UL09_AUD_0043.WAV,SM4-07,2026-09-21T18:30,39600,48000,mono,2.42384,114.21932,restricted audio; metadata public
UL09_AUD_0044.WAV,SM4-08,2026-09-21T18:30,39600,48000,mono,2.42177,114.22186,restricted audio; metadata public
UL09_AUD_0045.WAV,SM4-09,2026-09-21T18:30,39600,48000,mono,2.41962,114.22428,restricted audio; metadata public
UL09_AUD_0046.WAV,SM4-10,2026-09-21T18:30,39600,48000,mono,2.41765,114.22650,restricted audio; metadata public
UL09_AUD_0047.MISSING,SM4-11,2026-09-21T18:30,0,48000,mono,2.41592,114.22810,no public audio object; moisture fault logged
UL09_AUD_0048.WAV,SM4-12,2026-09-21T18:30,39600,48000,mono,2.41422,114.22920,restricted audio; metadata public
UL09_AUD_0049.WAV,SM4-01,2026-09-22T18:30,39600,48000,mono,2.43282,114.20510,restricted audio; metadata public
UL09_AUD_0050.WAV,SM4-02,2026-09-22T18:30,39600,48000,mono,2.43176,114.20718,restricted audio; metadata public
UL09_AUD_0051.WAV,SM4-03,2026-09-22T18:30,39600,48000,mono,2.43064,114.20942,restricted audio; metadata public
UL09_AUD_0052.WAV,SM4-04,2026-09-22T18:30,39600,48000,mono,2.42933,114.21161,restricted audio; metadata public
UL09_AUD_0053.WAV,SM4-05,2026-09-22T18:30,39600,48000,mono,2.42785,114.21418,restricted audio; metadata public
UL09_AUD_0054.WAV,SM4-06,2026-09-22T18:30,39600,48000,mono,2.42591,114.21675,restricted audio; metadata public
UL09_AUD_0055.WAV,SM4-07,2026-09-22T18:30,39600,48000,mono,2.42384,114.21932,restricted audio; metadata public
UL09_AUD_0056.WAV,SM4-08,2026-09-22T18:30,39600,48000,mono,2.42177,114.22186,restricted audio; metadata public
UL09_AUD_0057.WAV,SM4-09,2026-09-22T18:30,39600,48000,mono,2.41962,114.22428,restricted audio; metadata public
UL09_AUD_0058.WAV,SM4-10,2026-09-22T18:30,39600,48000,mono,2.41765,114.22650,retrieval pending; index from recorder clock
UL09_AUD_0059.WAV,SM4-11,2026-09-22T18:30,39600,48000,mono,2.41592,114.22810,restricted audio; metadata public
UL09_AUD_0060.WAV,SM4-12,2026-09-22T18:30,39600,48000,mono,2.41422,114.22920,retrieval pending; index from recorder clock
