quadrat,stem_id,species_code,dbh_cm,canopy_m,status,x_m,y_m,measured_at
A,A001,PAND-TE,19.8,29.6,live,4.1,1.9,2026-09-19 08:07
A,A002,SHOR-MAC,6.4,8.4,live,17.9,16.6,2026-09-19 08:16
A,A003,PTER-AQ,3.3,25.4,live,18.9,19.4,2026-09-19 08:23
A,A004,FICU-RUB,40.7,25.2,live,8.3,7.9,2026-09-19 08:34
A,A005,PTER-AQ,24.4,9.6,live,5.7,4.5,2026-09-19 08:42
A,A006,PAND-TE,11.0,30.5,live,4.1,6.7,2026-09-19 08:48
A,A007,SHOR-MAC,49.6,33.0,live,5.0,11.8,2026-09-19 08:57
A,A008,SYZY-UL,11.1,23.5,snag,9.3,8.4,2026-09-19 09:04
A,A009,PAND-TE,7.7,19.8,live,5.2,15.6,2026-09-19 09:15
A,A010,PAND-TE,35.8,3.4,live,16.8,7.1,2026-09-19 09:23
A,A011,DIPT-ALB,46.0,12.9,live,8.3,10.3,2026-09-19 09:29
A,A012,SHOR-MAC,10.0,8.2,live,18.5,16.3,2026-09-19 09:38
A,A013,FICU-RUB,44.7,8.0,live,12.7,8.2,2026-09-19 09:45
A,A014,CALP-SP,30.5,3.6,live,13.9,0.1,2026-09-19 09:56
A,A015,CALP-SP,59.8,17.5,live,3.6,13.6,2026-09-19 10:04
A,A016,SYZY-UL,62.9,26.5,live,0.9,18.7,2026-09-19 10:10
A,A017,SHOR-MAC,69.7,26.0,live,17.9,18.2,2026-09-19 10:19
A,A018,SYZY-UL,4.6,4.1,live,9.3,7.0,2026-09-19 10:26
A,A019,PAND-TE,9.3,32.3,snag,19.5,15.9,2026-09-19 10:37
A,A020,DIPT-ALB,3.6,14.8,live,4.1,15.2,2026-09-19 10:45
A,A021,SHOR-MAC,69.6,12.1,live,8.6,1.6,2026-09-19 10:51
A,A022,PAND-TE,43.0,30.6,live,1.1,18.7,2026-09-19 11:00
A,A023,FICU-RUB,64.7,19.9,live,18.1,9.6,2026-09-19 11:07
A,A024,FICU-RUB,35.1,29.4,live,8.8,7.3,2026-09-19 11:18
A,A025,CALP-SP,44.4,29.8,live,8.3,6.3,2026-09-19 11:26
A,A026,PTER-AQ,28.6,11.8,live,0.7,9.8,2026-09-19 11:32
A,A027,PAND-TE,59.4,18.8,live,16.6,6.9,2026-09-19 11:41
A,A028,CALP-SP,29.4,22.5,live,9.6,10.1,2026-09-19 11:48
A,A029,DIPT-ALB,54.8,12.1,live,18.3,1.5,2026-09-19 11:59
A,A030,PAND-TE,8.1,2.9,live,13.4,13.6,2026-09-19 12:07
A,A031,FICU-RUB,41.0,1.9,live,19.3,0.1,2026-09-19 12:31
A,A032,FICU-RUB,69.4,7.2,live,2.5,17.1,2026-09-19 12:40
A,A033,DIPT-ALB,53.5,20.2,live,13.8,2.0,2026-09-19 12:47
A,A034,PAND-TE,18.7,2.4,live,5.5,12.7,2026-09-19 12:58
A,A035,NEPH-COR,38.7,5.9,live,13.4,6.8,2026-09-19 13:06
A,A036,DIPT-ALB,5.4,32.3,live,12.7,12.4,2026-09-19 13:12
A,A037,SYZY-UL,18.3,10.5,live,6.5,7.6,2026-09-19 13:21
A,A038,DIPT-ALB,11.7,18.7,snag,13.4,9.4,2026-09-19 13:28
A,A039,NEPH-COR,49.3,2.7,live,13.6,1.4,2026-09-19 13:39
A,A040,PTER-AQ,65.7,4.4,live,14.1,18.8,2026-09-19 13:47
A,A041,PTER-AQ,35.4,20.6,live,2.5,17.9,2026-09-19 13:53
A,A042,PTER-AQ,14.6,13.8,live,9.3,8.1,2026-09-19 14:02
A,A043,CALP-SP,6.9,26.6,live,10.3,8.5,2026-09-19 14:09
A,A044,SHOR-MAC,5.7,5.8,live,16.0,13.9,2026-09-19 14:20
A,A045,NEPH-COR,68.3,18.0,live,4.2,11.6,2026-09-19 14:28
A,A046,PAND-TE,37.5,14.0,live,16.9,19.8,2026-09-19 14:34
A,A047,PAND-TE,51.9,11.8,live,1.1,12.3,2026-09-19 14:43
A,A048,NEPH-COR,50.5,23.3,live,8.2,8.6,2026-09-19 14:50
A,A049,PTER-AQ,51.8,8.2,live,10.3,13.1,2026-09-19 15:01
A,A050,DIPT-ALB,5.7,8.4,live,14.3,4.8,2026-09-19 15:09
A,A051,NEPH-COR,21.9,18.5,live,9.8,16.4,2026-09-19 15:15
A,A052,PTER-AQ,38.0,23.0,live,13.0,9.0,2026-09-19 15:24
A,A053,SYZY-UL,60.7,12.1,live,4.6,5.3,2026-09-19 15:31
A,A054,CALP-SP,24.4,7.0,live,9.4,13.0,2026-09-19 15:42
A,A055,NEPH-COR,29.8,13.5,live,17.7,11.3,2026-09-19 15:50
A,A056,NEPH-COR,5.6,33.1,live,11.0,10.0,2026-09-19 15:56
A,A057,FICU-RUB,18.7,2.7,snag,9.1,9.2,2026-09-19 16:05
A,A058,PAND-TE,40.2,5.2,live,19.9,6.8,2026-09-19 16:12
A,A059,DIPT-ALB,70.8,11.3,live,2.4,12.1,2026-09-19 16:23
A,A060,SHOR-MAC,43.4,28.6,live,16.3,8.0,2026-09-19 16:31
B,B001,SHOR-MAC,14.8,20.2,live,3.6,10.0,2026-09-20 08:07
B,B002,NEPH-COR,16.4,9.8,live,7.2,7.2,2026-09-20 08:16
B,B003,CALP-SP,60.4,9.4,live,2.3,17.7,2026-09-20 08:23
B,B004,DIPT-ALB,39.1,28.5,live,18.0,15.9,2026-09-20 08:34
B,B005,PTER-AQ,6.0,9.4,live,17.3,2.9,2026-09-20 08:42
B,B006,FICU-RUB,68.2,24.2,snag,13.0,7.8,2026-09-20 08:48
B,B007,CALP-SP,61.4,12.4,live,1.0,7.0,2026-09-20 08:57
B,B008,CALP-SP,37.0,32.4,live,1.0,17.7,2026-09-20 09:04
B,B009,FICU-RUB,47.7,3.7,live,13.5,9.5,2026-09-20 09:15
B,B010,PTER-AQ,12.9,22.4,live,2.5,19.9,2026-09-20 09:23
B,B011,SYZY-UL,39.7,4.4,snag,2.2,9.1,2026-09-20 09:29
B,B012,FICU-RUB,27.6,2.9,live,11.6,5.5,2026-09-20 09:38
B,B013,DIPT-ALB,19.5,2.9,live,9.3,5.9,2026-09-20 09:45
B,B014,PTER-AQ,38.0,2.6,live,6.3,16.8,2026-09-20 09:56
B,B015,CALP-SP,70.0,27.2,snag,15.9,7.2,2026-09-20 10:04
B,B016,CALP-SP,11.3,8.1,live,2.5,12.1,2026-09-20 10:10
B,B017,CALP-SP,69.0,32.6,live,16.9,11.8,2026-09-20 10:19
B,B018,PTER-AQ,12.6,13.7,live,6.1,16.6,2026-09-20 10:26
B,B019,FICU-RUB,25.5,9.8,live,19.9,12.1,2026-09-20 10:37
B,B020,FICU-RUB,35.3,30.0,live,2.9,5.0,2026-09-20 10:45
B,B021,SHOR-MAC,58.9,4.9,live,19.8,19.4,2026-09-20 10:51
B,B022,PTER-AQ,19.7,8.9,live,16.2,0.9,2026-09-20 11:00
B,B023,CALP-SP,13.3,19.7,live,9.6,19.0,2026-09-20 11:07
B,B024,CALP-SP,33.8,19.4,snag,2.8,16.2,2026-09-20 11:18
B,B025,PTER-AQ,22.1,18.8,live,1.4,10.1,2026-09-20 11:26
B,B026,PTER-AQ,23.0,9.9,live,6.2,10.4,2026-09-20 11:32
B,B027,NEPH-COR,38.2,6.3,live,15.5,7.3,2026-09-20 11:41
B,B028,FICU-RUB,34.9,12.5,live,11.7,6.3,2026-09-20 11:48
B,B029,SYZY-UL,38.0,13.7,snag,1.9,5.8,2026-09-20 11:59
B,B030,NEPH-COR,50.0,29.0,live,17.0,0.1,2026-09-20 12:07
B,B031,DIPT-ALB,14.8,3.3,live,19.6,3.0,2026-09-20 12:31
B,B032,SHOR-MAC,49.8,3.9,live,7.9,11.4,2026-09-20 12:40
B,B033,SYZY-UL,27.5,29.6,live,3.9,7.9,2026-09-20 12:47
B,B034,SHOR-MAC,48.0,30.3,live,12.8,13.8,2026-09-20 12:58
B,B035,SHOR-MAC,8.3,23.6,live,7.9,11.8,2026-09-20 13:06
B,B036,CALP-SP,16.6,12.0,live,15.4,17.9,2026-09-20 13:12
B,B037,DIPT-ALB,17.8,20.5,live,4.2,5.1,2026-09-20 13:21
B,B038,SHOR-MAC,43.0,19.0,live,10.0,15.0,2026-09-20 13:28
B,B039,NEPH-COR,28.2,15.9,live,0.9,12.1,2026-09-20 13:39
B,B040,FICU-RUB,58.0,20.4,live,13.5,17.3,2026-09-20 13:47
B,B041,PTER-AQ,71.1,25.8,live,17.1,1.0,2026-09-20 13:53
B,B042,SYZY-UL,30.1,20.5,live,17.6,9.1,2026-09-20 14:02
B,B043,NEPH-COR,31.3,20.5,live,15.5,4.8,2026-09-20 14:09
B,B044,SYZY-UL,70.2,28.2,live,3.6,8.3,2026-09-20 14:20
B,B045,DIPT-ALB,43.3,21.1,live,17.2,20.0,2026-09-20 14:28
B,B046,NEPH-COR,4.1,6.2,live,8.1,10.1,2026-09-20 14:34
B,B047,CALP-SP,21.0,4.3,live,8.8,12.5,2026-09-20 14:43
B,B048,DIPT-ALB,68.5,14.0,live,12.0,9.7,2026-09-20 14:50
B,B049,NEPH-COR,35.6,28.3,live,1.0,8.1,2026-09-20 15:01
B,B050,CALP-SP,48.2,18.2,live,14.7,11.2,2026-09-20 15:09
B,B051,CALP-SP,18.2,4.4,live,19.2,4.7,2026-09-20 15:15
B,B052,SYZY-UL,55.6,18.0,live,5.9,11.1,2026-09-20 15:24
B,B053,FICU-RUB,26.6,24.1,live,4.2,10.1,2026-09-20 15:31
B,B054,SHOR-MAC,10.3,32.8,live,12.9,15.0,2026-09-20 15:42
B,B055,CALP-SP,21.2,13.1,live,9.2,11.2,2026-09-20 15:50
B,B056,SHOR-MAC,36.2,27.9,live,16.6,12.5,2026-09-20 15:56
B,B057,SHOR-MAC,68.9,27.2,live,0.6,7.0,2026-09-20 16:05
B,B058,SYZY-UL,21.9,26.8,live,3.9,7.4,2026-09-20 16:12
B,B059,FICU-RUB,43.3,6.4,live,9.1,7.3,2026-09-20 16:23
B,B060,SHOR-MAC,53.0,9.1,live,5.6,12.6,2026-09-20 16:31
